<?xml version="1.0"?>
<extension>
    <name>PLUGIN_RATINGBUTTONS</name>
    <description>PLUGIN_RATINGBUTTONS_DESC</description>
    <module>Plugins::RatingButtons::Plugin</module>
    <defaultState>enabled</defaultState>
    <optionsURL>plugins/RatingButtons/settings.html</optionsURL>
    <version>0.7</version>
    <creator>flipflip</creator>
    <homepageURL>https://github.com/phkehl/lms-plugins</homepageURL>
    <targetApplication>
        <id>Logitech Media Server</id>
        <minVersion>8.1.0</minVersion>
        <maxVersion>*</maxVersion>
    </targetApplication>
</extension>
